"","x","z","y"
"1",-1.2471170132723,0,0
"2",-1.06484453981943,0,0
"3",0.883160458270044,1,1
"4",1.04084863791424,0,2
"5",-0.338342027825898,1,1
"6",1.93449993168466,1,3
"7",0.293110255640089,0,1
"8",-0.656114785096674,0,0
"9",-1.49043820505019,0,0
"10",1.50995167202899,0,2
"11",0.664195948266294,1,0
"12",0.231786225088135,1,0
"13",0.425879316248046,1,1
"14",-0.978491245673873,0,0
"15",0.958086596944348,1,2
"16",-1.85879307084477,1,0
"17",0.233172129663405,0,3
"18",0.864591583319136,0,0
"19",1.14103339619937,1,0
"20",-1.14998253811673,0,1
"21",0.387103309830162,1,0
"22",0.0455840443597591,0,1
"23",0.609436594769957,0,2
"24",-0.238633527589889,1,0
"25",-0.0455646881618574,0,0
"26",-0.844054390382689,1,0
"27",1.05975899800805,1,3
"28",0.723335747267428,0,1
"29",-0.633349687555305,1,0
"30",-0.73236223283801,1,1
"31",0.239029823064959,0,3
"32",1.24406491070866,1,2
"33",-0.989790620604345,1,0
"34",0.850008780521187,0,0
"35",-0.692840378340586,1,1
"36",0.144779231036464,1,0
"37",-0.869879460588343,0,3
"38",-0.797237131091085,0,0
"39",0.0105075349436438,1,2
"40",-0.118226075006387,1,4
"41",-1.45541707955312,0,0
"42",-1.10233097854621,0,0
"43",-0.394704017962998,0,1
"44",2.35804695734734,1,3
"45",0.560269283896113,1,1
"46",0.260582063536336,1,0
"47",-0.921042821627177,0,1
"48",0.0424850282615924,0,1
"49",-0.305455422478705,1,2
"50",-0.62459482284009,0,0
"51",1.05306400263094,1,0
"52",0.168806987968122,1,0
"53",-0.603583313609157,1,2
"54",0.348853578601231,0,1
"55",0.611416457948643,1,2
"56",-0.657513372685999,0,0
"57",-0.830175402129722,1,1
"58",0.172149543016531,1,1
"59",0.916784950188435,0,3
"60",0.301661706568688,1,2
"61",-2.18092894945113,0,0
"62",-1.13407075057145,0,0
"63",0.76161480089066,1,2
"64",-0.565385273255836,0,0
"65",0.179986609299359,1,3
"66",-1.1481608651136,0,3
"67",0.570052753116054,0,0
"68",-0.808020700004264,0,0
"69",-1.13409528492164,0,0
"70",-0.125342845537484,1,0
"71",-0.150042814061226,0,1
"72",-1.24256079279639,1,0
"73",-1.00483136012948,1,3
"74",-2.37069133371369,0,0
"75",0.445004612033336,1,3
"76",1.22491680012623,1,5
"77",1.27475897207751,1,5
"78",-1.88771027111764,0,1
"79",-1.2493799297683,1,0
"80",1.27196685623707,1,1
"81",0.418572617395636,0,1
"82",1.00447901458772,1,0
"83",0.209827572975734,0,1
"84",0.561299027836183,0,1
"85",-0.401328392514058,1,1
"86",0.921558620952767,0,0
"87",-0.384695951013033,0,2
"88",1.34751881296161,0,1
"89",-0.789257257004557,0,1
"90",0.188706912126054,1,1
"91",1.22605556277509,1,1
"92",-0.00345516182698323,0,2
"93",0.321153302600023,0,2
"94",1.27467803132551,1,1
"95",-1.01588088952007,0,2
"96",-0.344496294157908,0,1
"97",0.361828113482846,0,0
"98",-1.31436558306317,0,0
"99",-0.241871552320372,0,1
"100",-0.0251652520540451,0,0
"101",-1.0377707725106,0,0
"102",-0.321953610069297,0,1
"103",0.108137795832074,0,0
"104",-0.781010890201406,0,0
"105",-2.06869730200265,1,1
"106",0.288776846139476,1,3
"107",-0.590713885531738,0,2
"108",0.391245652432694,1,1
"109",0.919361601007414,1,3
"110",-1.02380964089276,0,0
"111",0.0479115143036956,1,1
"112",0.760351035198187,1,2
"113",-0.842776628907971,1,0
"114",0.450633504558593,0,1
"115",0.13215108637351,0,1
"116",1.57946610638103,1,0
"117",-0.423367805729215,1,2
"118",-0.391563807845628,0,0
"119",-1.46016943024666,0,0
"120",-0.517896287656747,0,0
"121",1.5262569522301,1,3
"122",-0.978621872096995,1,1
"123",-0.190580099435551,1,1
"124",1.74579112242556,0,3
"125",0.671325732495767,0,1
"126",-1.76254581785182,0,0
"127",-0.690050989224347,1,1
"128",0.423536127590834,0,0
"129",-0.163224989359188,0,0
"130",-0.357125636618593,1,0
"131",0.508073184719411,0,0
"132",-0.239190114310492,1,3
"133",-0.576216802547756,0,2
"134",-0.0457427574939473,0,0
"135",1.93216320646547,1,3
"136",0.941658560663007,1,2
"137",-1.8461929360102,0,0
"138",-0.695764441603813,0,0
"139",-0.395783462459568,0,0
"140",1.01570067856978,1,2
"141",-0.994210220916954,0,1
"142",0.777496421235833,1,1
"143",0.278981150580504,0,2
"144",2.11407573252937,1,5
"145",1.75130815265191,1,1
"146",0.465471251128264,1,1
"147",0.149404687336611,1,0
"148",-0.906794301164109,0,0
"149",-0.371995432146174,0,0
"150",-0.063549411789285,1,0
"151",-1.31597941807313,0,1
"152",-0.78027824925295,0,0
"153",-0.195289680672569,1,1
"154",0.57124454439236,1,2
"155",-0.327035566740485,1,1
"156",-0.0215044472823281,0,0
"157",2.10414779114549,0,5
"158",0.417458673692092,1,0
"159",0.115373233408336,0,0
"160",-1.09401399836052,1,1
"161",0.0382512041622928,1,0
"162",1.59044960412598,0,4
"163",0.650549173293823,0,1
"164",0.842712236701705,0,0
"165",0.782312313584657,1,0
"166",0.999934875443872,1,1
"167",1.35442789770135,1,0
"168",-0.810395095948864,0,0
"169",0.646985346622697,0,1
"170",-0.295332193955312,1,3
"171",1.10214928999621,1,2
"172",1.51279065560832,1,3
"173",-0.704940479972522,1,0
"174",-0.478278320252009,0,1
"175",-0.875711997656498,0,0
"176",0.981091920161668,1,0
"177",-0.791354169653057,0,0
"178",-1.22029900873591,0,0
"179",0.016865206470638,1,1
"180",1.99659532672436,0,1
"181",0.0818468957400361,0,0
"182",1.00802300128559,1,2
"183",-1.42534138694388,0,0
"184",0.415249757408598,1,1
"185",0.614435638940819,0,0
"186",-1.12861890275847,0,0
"187",-0.502266222682832,1,0
"188",0.32344941770276,0,1
"189",0.536186126906362,1,1
"190",-0.930332689498201,0,0
"191",-0.533752933341431,0,1
"192",-2.24268690883952,0,1
"193",-0.75082176639466,0,0
"194",0.171732727522599,0,1
"195",1.43027639363998,1,0
"196",0.219175661449355,1,1
"197",-0.946148343724665,0,0
"198",-1.11671040854198,0,0
"199",-0.940146201036725,0,1
"200",-0.265918431683025,0,2
"201",-0.0314773221616673,0,0
"202",0.0697854872442172,1,1
"203",0.978379782375927,1,1
"204",0.972174389294896,0,0
"205",1.03935449526882,1,5
"206",-1.64865433516437,1,1
"207",-1.14665347257954,0,0
"208",-0.043492102313462,0,2
"209",-1.06834209522479,0,0
"210",-3.15316903535218,1,0
"211",0.771867839204872,1,2
"212",1.2773015299324,0,1
"213",0.0370453731151039,1,0
"214",0.874433016996707,1,1
"215",-1.92610367388663,0,1
"216",1.38400595593637,1,2
"217",0.0356293962275883,1,1
"218",-0.000435144210782813,1,0
"219",-0.562875257939462,0,1
"220",0.531356375536539,1,2
"221",-0.135046254086375,1,1
"222",1.38984254220602,1,2
"223",0.279060335850569,1,0
"224",0.349469181635678,0,1
"225",0.305552284724945,0,0
"226",1.94756332263958,1,2
"227",1.45695354594852,0,3
"228",-2.53236026565265,0,0
"229",-0.1787228736569,1,2
"230",0.709867095019455,0,1
"231",-1.0740516641116,0,0
"232",0.893362744281192,1,4
"233",-0.82732539300834,0,2
"234",-1.02390255498684,0,1
"235",-1.07394614468553,0,2
"236",-1.14088107508568,1,1
"237",-1.04459157430727,0,0
"238",-0.693312860613418,0,0
"239",0.63262591388252,0,1
"240",-0.990784639838776,0,0
"241",-1.28067838702532,1,0
"242",-0.723438821337415,0,1
"243",-2.9731927884611,0,0
"244",-1.4136053437492,1,1
"245",-0.293039584494595,0,0
"246",-0.145978325052726,0,1
"247",-1.0672230725099,0,1
"248",0.793415537177056,0,0
"249",-1.06499284040193,1,0
"250",1.64117895292447,1,4
"251",-0.437713399363059,1,3
"252",0.329751662212307,1,6
"253",2.13709815596613,1,3
"254",0.740526958286598,1,1
"255",0.718427817998262,1,2
"256",-1.01620703994492,0,0
"257",-1.32950317790456,1,0
"258",-1.28072864941786,0,0
"259",0.681013870850292,0,1
"260",-0.569397215196217,0,0
"261",-1.21348714178902,0,0
"262",-0.245313085585057,1,2
"263",-1.54906588106543,0,0
"264",0.545662505328079,1,2
"265",0.627666083501434,1,2
"266",-0.400437436557766,1,1
"267",0.468805745470292,1,1
"268",-0.706188114464301,1,0
"269",1.23326409680688,1,1
"270",0.482087125957059,1,1
"271",1.33817576455132,1,1
"272",-0.832530479621224,0,2
"273",0.23808536100256,1,3
"274",0.256419982753996,1,1
"275",1.22332416284253,0,1
"276",1.74515604951676,1,5
"277",-0.687254938527129,0,1
"278",1.14842906306886,1,2
"279",-1.51631239574123,1,0
"280",0.455849798929853,1,2
"281",-1.10562514013759,0,1
"282",-0.276842263044775,0,0
"283",0.0557401590353115,0,1
"284",1.26791339509336,0,0
"285",1.46971591944558,0,1
"286",-1.57935172193656,0,0
"287",2.24166136609269,1,3
"288",-0.17522392641124,1,0
"289",-0.090904916278965,0,4
"290",0.723083839214571,1,2
"291",-0.289379350685309,0,0
"292",0.625806255110968,1,3
"293",-0.945839277857051,1,1
"294",0.674963652779906,0,0
"295",1.37602125026504,1,0
"296",1.3846942882276,1,3
"297",0.763707568078386,1,0
"298",0.669685801563774,0,0
"299",0.749117623549968,0,1
"300",-0.714637516812227,0,0
"301",-0.318962935663814,0,0
"302",1.75260886247627,1,2
"303",-0.845164274776489,0,1
"304",-1.7257589193806,0,0
"305",1.04802813732516,1,0
"306",1.44523346696195,1,4
"307",-0.357728158269318,0,1
"308",0.309261308683603,0,1
"309",-0.860680244995259,0,0
"310",-0.0321973109618522,1,2
"311",-0.825127014877192,1,1
"312",-1.47928595374517,1,1
"313",0.24138804198633,0,0
"314",-1.23375473302661,1,0
"315",0.264621243668923,0,1
"316",-1.21574921281179,0,1
"317",0.256591606563468,1,2
"318",0.224855585713089,0,1
"319",-0.53043086332455,0,0
"320",-1.12447856986208,1,0
"321",0.144279359784094,0,2
"322",-0.239903968087088,1,0
"323",-0.669100839872622,1,1
"324",0.547565994077262,0,0
"325",1.03999940402215,1,2
"326",-0.455543933895008,1,1
"327",0.945129728925711,1,1
"328",-0.333555575630646,0,0
"329",-0.15848922933073,1,2
"330",0.53278937769862,1,2
"331",1.39828406059601,1,0
"332",-1.09685390176526,0,0
"333",0.70765752524775,0,2
"334",-1.03723137675041,0,0
"335",0.476285959921433,1,3
"336",0.972986188898945,1,0
"337",1.5215069351085,1,2
"338",-2.13698759834462,0,0
"339",0.121463487165464,0,1
"340",-0.351577397529848,0,2
"341",1.40302825991028,0,2
"342",-1.17242112838547,0,0
"343",-0.962694112413402,0,0
"344",0.575884595374429,1,0
"345",1.07602725896753,1,3
"346",0.782384194995772,1,2
"347",-1.45277421358976,0,0
"348",-0.199229895191157,0,0
"349",0.628587062614626,1,0
"350",0.11992436724612,0,1
"351",1.46846171273476,1,3
"352",-1.34406863424432,0,0
"353",2.07719510042107,1,5
"354",1.59272552178082,1,7
"355",0.819100776586452,0,1
"356",0.71643268769325,0,3
"357",0.870309953646617,0,1
"358",0.467962013442919,0,1
"359",-0.594251805148242,1,0
"360",1.46564510192408,1,1
"361",1.81663831962978,1,3
"362",-1.34949118547313,0,1
"363",-0.0447651485707964,0,0
"364",-0.0762063209079741,0,0
"365",-0.403550809717452,0,0
"366",-0.106828390333117,1,1
"367",0.497619464802382,0,1
"368",-0.125623426006723,1,1
"369",-1.79530413092554,0,2
"370",0.314467817587436,0,1
"371",1.54615305901686,1,2
"372",-1.4159289834712,0,3
"373",0.994127575941057,1,0
"374",1.27564285552744,0,4
"375",0.0794945446234731,1,0
"376",1.36753415362878,1,0
"377",0.200303025122987,1,0
"378",-1.46287802504211,1,2
"379",-0.0831517183752908,1,2
"380",0.59575308483916,1,0
"381",-0.545087572537361,1,1
"382",-0.145641946614948,1,1
"383",-1.6093119612846,0,1
"384",0.248607250493087,1,0
"385",-0.177356132790774,0,0
"386",-1.00487307975229,0,0
"387",1.69192815800994,0,4
"388",-1.2290667276274,0,1
"389",-0.0296237894580287,0,3
"390",-0.508676647426529,1,2
"391",-1.9378160873294,0,1
"392",-0.727729984074454,0,0
"393",-0.285123131661636,1,2
"394",1.08948213039141,0,1
"395",1.00785445601035,1,0
"396",2.14199260556818,1,2
"397",-3.32939212694764,0,0
"398",-2.23118881161611,1,0
"399",2.0785714809601,1,1
"400",0.44425540722187,0,2
"401",1.665041054115,0,2
"402",-0.309265217603121,1,0
"403",0.571791405713087,1,1
"404",1.01692017341353,1,5
"405",0.76801940112516,0,0
"406",0.411422558258863,1,4
"407",0.901855213992044,1,2
"408",-1.08840631860663,0,0
"409",-1.97012659662694,0,0
"410",-0.187415264188668,1,1
"411",-0.155790873097494,0,1
"412",-0.381241522464481,0,1
"413",-1.53228179242492,1,1
"414",-1.16037021083615,0,0
"415",0.714399043584219,0,1
"416",-0.250121915109051,1,0
"417",-0.051222075066259,0,0
"418",-1.14925965990676,0,0
"419",-3.00072108604022,1,0
"420",-0.762110111324248,1,1
"421",1.30825751614971,1,4
"422",-0.907993902745665,1,0
"423",0.501962607985842,1,1
"424",0.670009481762093,1,2
"425",-0.669216313048005,0,0
"426",1.01214496054574,0,2
"427",-0.684976278004519,1,0
"428",0.339997086784653,1,3
"429",-0.715936764335135,0,0
"430",1.44680727597832,1,1
"431",0.446887534087706,0,2
"432",-0.128249004752482,1,0
"433",-2.17903844154419,0,0
"434",0.304421630592386,0,0
"435",0.687420349376046,0,1
"436",-0.856502280714592,0,0
"437",0.428381123396436,0,0
"438",0.0540397828893629,1,1
"439",-0.107450294051029,1,1
"440",1.41526758003841,1,1
"441",1.17220983415535,0,1
"442",0.908081993401318,0,1
"443",-0.945435982259369,0,0
"444",0.200343867875203,0,0
"445",1.35411593366405,1,3
"446",-2.15049381885827,0,0
"447",-0.484388212724263,0,1
"448",0.313215069723032,0,1
"449",-1.67752284604158,0,2
"450",0.728638771083157,1,1
"451",0.824615116226404,0,1
"452",0.151399758656413,1,0
"453",0.306430274327416,0,0
"454",-0.930758315744842,0,3
"455",0.482122755651243,1,1
"456",-0.697239441763152,1,1
"457",0.309738592413923,0,1
"458",-0.395161219554213,0,1
"459",-1.5927047277198,1,1
"460",0.588433408862461,1,3
"461",1.50496360181647,1,2
"462",0.901803688866956,0,2
"463",0.161349774705484,0,1
"464",1.18117743817088,0,0
"465",0.437483584651445,1,1
"466",0.18763117848122,1,1
"467",1.74840829889135,0,2
"468",-0.94118352570345,1,1
"469",-1.63866510459501,0,0
"470",-0.842145427418709,1,0
"471",0.141085651285591,1,0
"472",-0.653243203528001,0,0
"473",1.10921725665316,0,1
"474",2.05491956831069,1,2
"475",0.195475639298104,0,2
"476",-0.662983682424156,0,0
"477",-0.446106607436319,0,1
"478",-0.675231090133643,1,1
"479",0.308859422391062,0,0
"480",1.16850182404365,1,2
"481",-0.778258514927921,1,0
"482",-0.506728724065361,1,0
"483",-0.424143129038552,1,0
"484",-0.000758118574493428,1,2
"485",0.218691110792812,1,2
"486",0.0409170223346705,0,1
"487",0.857702618979506,0,3
"488",-0.956972235978574,1,2
"489",-0.199108788069504,1,1
"490",-1.81091420511649,0,0
"491",0.430216926287309,1,1
"492",-0.582282191243157,0,0
"493",2.62797419069905,1,1
"494",-0.733574019478748,0,0
"495",-0.145537586610467,1,4
"496",0.175544844246715,1,3
"497",-1.21222044551892,0,1
"498",-0.541341851050813,1,2
"499",-0.804138805964319,0,1
"500",-1.37647202641819,1,0
"501",-0.771857734116742,1,0
"502",1.21487310908517,1,1
"503",-0.0534868807645709,1,3
"504",0.473678928558449,1,2
"505",-1.96883946169489,0,0
"506",-0.276964235850636,1,1
"507",1.16165362645341,0,3
"508",-0.269969303196365,1,1
"509",0.10132089293924,0,0
"510",0.379984263504797,1,0
"511",-0.629580158565551,0,1
"512",-0.796322158395634,0,0
"513",1.35741985781523,1,3
"514",0.888748695402336,1,1
"515",2.1283055013085,1,2
"516",1.65399283232217,1,3
"517",1.93065607823539,1,5
"518",1.27488956506326,1,1
"519",-0.0357141965493543,1,0
"520",-1.60367768784223,0,0
"521",-1.05288160981396,0,0
"522",1.25310984932123,0,1
"523",-0.109584585496768,1,1
"524",1.21706492524185,1,2
"525",-0.956796867110994,0,0
"526",1.03629484342147,1,3
"527",0.0879713794966717,0,0
"528",-0.448241362041137,1,0
"529",1.14764578869817,0,2
"530",-0.441738497468917,1,3
"531",0.13506144712897,0,0
"532",-0.402168461262851,0,0
"533",0.75316684691371,1,0
"534",0.141070013331509,1,1
"535",0.171172104149548,1,2
"536",0.288521622268534,1,2
"537",0.694557124885257,1,1
"538",-0.108755265993821,1,1
"539",1.36867520479089,0,0
"540",0.0119734673521399,1,3
"541",0.058800749697199,1,0
"542",-1.69964589195564,0,1
"543",-0.442716168939019,0,0
"544",-0.142377347082016,1,0
"545",-1.41688130445669,1,0
"546",1.51211090274739,1,3
"547",0.242797685496238,1,1
"548",-2.48451126436468,0,0
"549",-1.8529524402371,0,0
"550",-1.79728344990515,0,0
"551",-0.739528911251164,1,1
"552",-0.446323444643049,0,0
"553",2.04187671972849,0,2
"554",-2.02850726324503,0,0
"555",-0.897171230913226,1,0
"556",-1.42418552965857,0,0
"557",0.00630203540173221,1,2
"558",1.04406520987475,1,3
"559",0.260333959162607,1,2
"560",1.42607530971967,1,2
"561",-0.838194064060352,0,0
"562",-0.60741687273085,0,2
"563",0.244513934742163,0,0
"564",-0.394454332262054,0,0
"565",-1.37935273133659,1,0
"566",-0.862484186880136,0,1
"567",0.456037496100751,1,1
"568",0.403972856708567,0,0
"569",1.00838687179502,1,2
"570",-1.08402287528836,1,1
"571",-0.396420226885435,0,1
"572",-0.1625373967316,1,0
"573",-0.344866161301475,1,0
"574",-0.498186074772845,0,1
"575",-0.139364657388045,1,4
"576",0.164729118459144,0,0
"577",-0.445372224157292,1,1
"578",-0.480479585123019,1,2
"579",-1.3057921590634,1,0
"580",0.834116055203901,1,2
"581",-1.7175943410637,0,0
"582",0.0809459321483767,0,3
"583",-0.136341969219382,1,0
"584",1.85113786707748,1,2
"585",-0.152431651353557,0,0
"586",-0.78833087923865,0,2
"587",1.13213097688385,1,1
"588",1.32313497710873,1,2
"589",0.384670348122571,0,1
"590",-0.218900470737165,0,0
"591",0.134519142316561,1,4
"592",0.621377394177136,1,1
"593",-0.294206320576517,1,4
"594",-0.945467083332278,1,2
"595",-1.50779446446109,0,0
"596",-1.18744421884595,0,0
"597",-0.840153143387923,0,0
"598",-1.92257313603526,1,1
"599",0.687632056699289,1,1
"600",0.159876228171662,1,0
"601",1.52845462825246,0,1
"602",2.22344072244698,1,3
"603",1.62086592717704,1,3
"604",-0.274722530760943,0,0
"605",1.59442814855274,0,0
"606",0.918260163584288,1,1
"607",-1.09310284482876,0,0
"608",-0.126688701889242,1,2
"609",-1.50320649242187,1,0
"610",-0.929535289980639,0,0
"611",0.905332085106935,0,3
"612",-1.14416171846079,0,1
"613",-0.233498048420222,1,1
"614",1.16742054923063,0,0
"615",-0.0123810117291368,0,0
"616",0.247566443334971,0,1
"617",0.891114629873174,1,2
"618",1.42356029663155,1,5
"619",-0.199448928382439,0,0
"620",-0.635504119020346,0,1
"621",0.571744460222523,0,0
"622",-0.58079763542231,1,1
"623",-1.24917141350226,0,1
"624",0.735217000786085,1,1
"625",0.661190889072415,0,1
"626",1.51121616088314,1,1
"627",-2.15835575340267,0,0
"628",0.857274140974419,1,0
"629",0.51502413509367,1,1
"630",0.730835694451511,1,4
"631",-1.20663331654655,1,1
"632",0.735133893079718,0,0
"633",-0.174303694212089,0,1
"634",-0.162975994785626,0,2
"635",1.33459099594739,1,3
"636",0.287472246862039,1,1
"637",-0.130247596911298,0,1
"638",0.532421893776703,1,4
"639",1.96778784026031,1,3
"640",-1.20722223071036,1,2
"641",-1.53897598919181,0,0
"642",1.0999785493626,1,2
"643",0.884796673974865,0,2
"644",-0.160165950132949,0,0
"645",-1.45423368745415,1,0
"646",-1.49404050863999,1,0
"647",-0.319356672208196,1,0
"648",-0.532595771541053,0,1
"649",0.322362618250093,0,2
"650",1.7381696467382,0,4
"651",-1.94097586696575,1,2
"652",0.232478340289596,1,1
"653",0.31887739665512,1,1
"654",-0.991223396210219,0,0
"655",-0.201239043401919,0,0
"656",0.414075802548311,0,1
"657",1.24791431895765,1,3
"658",1.00888731827362,0,2
"659",1.39191421404054,0,1
"660",-0.582224993192467,0,0
"661",1.31750968182608,1,2
"662",-0.646505175583947,0,0
"663",0.736881092868921,0,2
"664",-0.0601572565995315,0,0
"665",0.6386076758237,0,1
"666",-0.514236471401265,1,0
"667",-0.518460774467807,0,1
"668",0.324501814810441,0,1
"669",0.440487467928954,1,0
"670",0.830975536490193,0,0
"671",-2.2369866069886,0,0
"672",-1.01158321547438,1,1
"673",0.064267379718228,0,1
"674",-0.223903728576763,1,1
"675",0.514235110737871,1,3
"676",0.364649652114711,0,0
"677",1.51315813453932,1,4
"678",1.18087323183444,1,4
"679",1.06247996883276,0,3
"680",-0.871639293114087,0,0
"681",1.03768279055181,0,0
"682",1.0432612856981,1,1
"683",-0.170733189512548,1,0
"684",0.304874086127085,1,0
"685",0.63581430791547,0,2
"686",0.736109307665806,1,3
"687",-2.66011742088858,1,1
"688",-1.21625647212597,1,0
"689",-1.84695164544178,0,0
"690",1.48128666651265,0,1
"691",0.32181215580738,0,1
"692",1.11987562563673,1,0
"693",2.07678371867976,0,1
"694",-1.43383655252859,0,0
"695",-0.32782938115137,1,0
"696",-0.592891178605598,1,0
"697",-0.0701417999833857,1,1
"698",-0.97546690391164,0,0
"699",-1.37219109658399,0,0
"700",-0.318358285418959,0,0
"701",0.544538788472045,1,3
"702",-1.023233506257,0,2
"703",0.485499261240986,0,2
"704",0.184593442455109,0,1
"705",-0.139798139757535,0,0
"706",-0.21667533619734,1,0
"707",0.358911222396732,0,1
"708",1.56570526124679,1,1
"709",0.829311672660089,1,0
"710",1.37022169297748,0,0
"711",1.4137970564962,0,0
"712",0.168289436363451,1,0
"713",-0.0430253605564121,0,1
"714",0.236704117781264,0,1
"715",-0.520628432991129,0,1
"716",-0.798010377329631,0,1
"717",0.789927848049826,0,2
"718",-0.971712901017631,0,0
"719",0.499238251810036,1,0
"720",-0.705776807234114,1,0
"721",1.84756406587091,1,3
"722",0.404571427665353,0,1
"723",-1.09041938005116,0,0
"724",0.378456072132269,1,1
"725",-0.725703085468975,0,1
"726",2.09273959211635,1,4
"727",-0.992438517177555,0,0
"728",1.44372462413823,1,2
"729",2.22015045161385,1,2
"730",-0.535610937934331,0,0
"731",0.450122917270466,1,0
"732",-1.70684299193346,0,1
"733",1.78035995020379,1,4
"734",-0.151127738513144,1,0
"735",1.87647584783873,1,2
"736",-1.23206805608706,0,1
"737",0.537387485551844,0,2
"738",0.683556218422578,0,1
"739",-0.853400658035221,0,1
"740",0.142479837054088,1,0
"741",0.429384526161522,0,0
"742",0.178553104260805,0,1
"743",-1.30821274292164,0,0
"744",0.53789444148466,1,3
"745",0.863105927417047,0,1
"746",-0.771319343052098,0,0
"747",-0.615662745453012,0,2
"748",1.3921264388589,1,5
"749",-1.11856200800768,0,0
"750",0.699805414075116,1,2
"751",0.880687555624084,0,0
"752",-0.600234456024312,1,1
"753",-0.363347306761612,0,0
"754",0.297120943783511,0,0
"755",0.877474501670771,0,1
"756",0.811613786341034,1,1
"757",-0.532889247240015,1,1
"758",-0.267177700745773,0,2
"759",0.728988220733604,1,1
"760",0.223296515302437,1,4
"761",-0.115425359167182,0,0
"762",1.82993801466869,1,2
"763",-0.982522258839189,0,0
"764",0.0356919339913031,1,1
"765",1.89035908179235,1,5
"766",-1.7080031245426,0,0
"767",-0.43903413369532,0,0
"768",-1.00153860014636,0,0
"769",-0.0703179535361678,1,0
"770",0.427916958312244,1,4
"771",-0.0971093222249682,1,2
"772",1.37167754866604,1,2
"773",-0.765301633622853,1,0
"774",0.0328276493509508,0,0
"775",-0.175707972261361,0,1
"776",-0.301779811197279,1,1
"777",-0.0906076101836522,0,1
"778",-1.32242020983978,0,0
"779",-0.708380073892258,0,0
"780",-1.31158282644808,1,2
"781",-0.843552807175247,0,0
"782",0.476988861015081,0,1
"783",-0.147876408358362,1,1
"784",-0.376036774718597,1,1
"785",0.207334823405319,1,2
"786",1.22813009210114,0,3
"787",0.113078217764908,0,2
"788",1.1115354653249,1,2
"789",-0.621925647243226,0,0
"790",-0.946259515279365,0,0
"791",-0.243887823646727,1,0
"792",-0.689054492146654,0,1
"793",-1.12206200884429,0,0
"794",1.11203084197885,1,1
"795",-1.65667042647464,0,1
"796",-0.463335703598825,0,0
"797",-0.658540263451527,0,0
"798",1.77554650914145,1,0
"799",-0.218939313779096,1,3
"800",-1.89977252743775,1,1
"801",-0.537185908890498,1,0
"802",0.967966723433246,0,1
"803",0.478631620386621,0,3
"804",0.0973688310035612,1,4
"805",1.1829646768068,0,2
"806",0.553189354341193,0,1
"807",0.0482245580061195,0,0
"808",0.61907201378456,0,1
"809",0.320379292267272,1,1
"810",-0.801558383677785,0,0
"811",-2.09849748568854,0,0
"812",-0.996767330743504,1,0
"813",-0.693067037347528,1,3
"814",0.635591092007223,0,1
"815",0.217205491342528,0,2
"816",0.94768515390179,0,2
"817",0.236483706961144,1,0
"818",1.8423094507883,1,5
"819",0.249389389628193,0,3
"820",0.67150291157518,1,0
"821",0.955870390961226,1,0
"822",-1.48724140285748,1,0
"823",-0.33357408007079,1,1
"824",1.78391112508043,0,3
"825",-0.575645775243041,1,2
"826",-0.248961627051706,0,1
"827",-0.114922091797825,0,0
"828",0.233532713358309,1,1
"829",1.53793324838171,1,6
"830",-1.73901770881369,0,0
"831",0.442736705985701,0,1
"832",0.0291228250636651,0,2
"833",-2.03603998208191,0,0
"834",-1.80915951090881,0,0
"835",0.588675847889536,0,4
"836",0.106994711994613,0,2
"837",2.35590237152402,1,8
"838",0.936561315018939,0,2
"839",-0.613854944519032,0,1
"840",0.108819992614131,0,1
"841",1.70013326483927,1,2
"842",-0.955285156265476,1,0
"843",-0.896804960323735,0,0
"844",-0.514768757292322,0,0
"845",-0.508972346374446,0,0
"846",0.3495875302899,1,2
"847",1.42412329553884,1,3
"848",1.3482256914892,1,5
"849",0.629913457009013,1,2
"850",0.0758682170463135,1,2
"851",-1.0347895224945,1,1
"852",0.437679535821784,1,3
"853",-1.23216472405278,1,0
"854",1.66144005364256,1,0
"855",-0.602890854997871,0,2
"856",0.494974981626642,0,2
"857",1.40316647800022,1,4
"858",-0.512793696238572,1,0
"859",0.244139849108379,0,0
"860",0.105376075842503,0,1
"861",-0.674176448408339,1,0
"862",0.460385487246113,1,0
"863",-0.483393024559058,1,0
"864",0.205609985783222,0,0
"865",-1.37601815754621,1,1
"866",0.179672524396561,1,0
"867",0.539408997097941,1,1
"868",-1.22872183954134,0,1
"869",-0.456628271065523,1,2
"870",-0.856886510465653,0,0
"871",0.0110488562848782,0,2
"872",0.175833281036372,1,0
"873",-1.06036080199819,0,1
"874",1.16700527206651,1,1
"875",1.00126698226198,1,5
"876",-0.352953245197426,0,2
"877",-1.10226348700497,1,0
"878",-1.27712279122408,0,0
"879",-0.579074990207723,1,1
"880",-0.0295320013329017,1,0
"881",1.03913219385378,0,2
"882",-0.260715346377917,0,0
"883",-1.53273923879417,0,0
"884",0.70029963360127,1,2
"885",-0.366345279616807,0,0
"886",-0.579397286794359,0,1
"887",-0.310297851158452,1,0
"888",-0.42725697309284,1,1
"889",1.49068380275958,0,4
"890",0.377307348423424,1,0
"891",0.90458408042111,0,2
"892",-0.57075055006271,0,0
"893",0.365062487860018,1,2
"894",-1.08215252394675,0,0
"895",0.612194517040277,1,2
"896",-0.364068497827892,0,0
"897",-0.0621648078533416,1,3
"898",0.165269884492362,1,1
"899",-2.37821265168177,0,0
"900",0.236959106227646,0,0
"901",0.45184186503213,1,2
"902",-1.02022051793047,0,0
"903",-0.220737821638109,1,2
"904",-1.16228484663218,0,1
"905",-0.0310353246119915,1,0
"906",-0.168164423665841,0,2
"907",0.79742044531144,0,1
"908",-0.390905575547374,0,1
"909",-0.315237811207385,0,0
"910",-0.423100988634434,0,0
"911",-1.02408772905949,0,0
"912",-1.88667914336512,0,0
"913",-0.640717513308198,0,1
"914",0.737584267810115,1,1
"915",-1.14550781510415,0,1
"916",0.928004101680624,0,0
"917",0.549769247655453,0,1
"918",-1.60346459540618,0,0
"919",-1.98180960255866,0,0
"920",0.571362700157546,1,1
"921",0.20561580128361,0,2
"922",-0.397148867305378,0,3
"923",0.0110397235897028,1,1
"924",0.0406593672992012,0,0
"925",-0.984679204254922,1,0
"926",-0.868025349777609,0,1
"927",-0.291634625045795,1,2
"928",0.663825286975864,1,2
"929",-0.290316885567584,1,0
"930",-0.258356203560769,1,1
"931",0.0342331844134081,1,0
"932",0.440200256475176,1,2
"933",-1.78153830845559,0,1
"934",-0.882186002865264,1,0
"935",0.215720811480674,0,1
"936",-0.270207273819003,0,2
"937",-0.121910561302965,1,3
"938",-0.334674552709683,1,1
"939",0.192828704082624,0,1
"940",-0.593140494394463,1,2
"941",-1.14131291153469,0,0
"942",0.507668284504111,0,0
"943",1.08032583271864,1,0
"944",0.769157740205102,1,2
"945",0.833370033362505,0,0
"946",0.0722013725579626,1,1
"947",0.399104322365879,1,2
"948",1.20606258464728,1,3
"949",0.357985396080118,1,1
"950",-0.564795090536261,1,1
"951",-0.65467274479339,1,1
"952",-0.519476325893345,1,0
"953",-0.468233718076063,0,0
"954",-0.641653110807023,0,2
"955",-0.188996322996296,0,1
"956",-1.03798472643648,0,3
"957",-0.898936870752641,0,0
"958",0.14272698586578,1,0
"959",-0.634863411929815,0,0
"960",0.224390076143541,0,1
"961",-1.14564467350324,0,0
"962",-1.78577769599458,0,0
"963",1.05377616045272,1,0
"964",-1.16472650567322,0,0
"965",1.9802229506824,1,7
"966",0.583427882333305,1,0
"967",-1.35243573433404,0,0
"968",-1.08495343671097,0,0
"969",-0.938107650236153,0,0
"970",-0.212750941706453,0,0
"971",0.137775792825168,1,0
"972",0.193275826513533,0,0
"973",-0.430842946706914,1,0
"974",-1.59042043380582,0,0
"975",0.787209630777362,0,0
"976",-0.871909568443744,0,1
"977",-0.0352717378024018,0,1
"978",0.790406941946341,1,4
"979",1.15885558214633,1,1
"980",0.880937697363727,0,2
"981",-0.658621262693854,0,0
"982",-0.646832787696175,0,1
"983",1.02646202306835,1,0
"984",0.195866546987586,0,2
"985",-0.845358425136154,0,1
"986",-1.34987995644048,1,0
"987",0.708692335169499,0,0
"988",1.10216780112186,1,1
"989",-0.722405369326517,0,0
"990",0.884338432342221,1,1
"991",-1.15925078122247,1,1
"992",0.254852744027231,1,0
"993",-0.301546384531868,0,0
"994",0.788488672085938,1,1
"995",1.19543472227043,1,1
"996",-0.939981442544447,0,0
"997",0.669370021908303,0,3
"998",0.121708165762178,0,0
"999",1.11849991990184,1,2
"1000",0.413949542891197,0,1
